Tank,Point,9:30,12:30,15:45,15:50,15:55,16:10,16:15,16:20
11,Position.1,67.66,102.40,na,na,na,na,32.73,na
11,Position.2,100.40,116.40,na,na,na,na,21.11,na
11,Position.3,81.51,87.55,na,na,na,na,21.73,na
11,Position.4,80.23,125.20,na,na,na,na,46.77,na
11,Position.5,84.30,51.21,na,na,na,na,33.79,na
11,Position.6,81.74,103.10,na,na,na,na,26.81,na
11,Position.7,78.07,104.50,na,na,na,na,30.55,na
11,Position.8,105.20,60.98,na,na,na,na,37.25,na
11,Position.9,89.35,107.70,na,na,na,na,36.85,na
12,Position.1,40.87,1.051,na,na,na,na,na,34.52
12,Position.2,68.05,1.063,na,na,na,na,na,27.05
12,Position.3,73.11,0.610,na,na,na,na,na,25.52
12,Position.4,71.21,0.500,na,na,na,na,na,28.9
12,Position.5,79.57,0.518,na,na,na,na,na,28.75
12,Position.6,75.48,0.550,na,na,na,na,na,23.78
12,Position.7,66.52,0.110,na,na,na,na,na,27.55
12,Position.8,77.95,0.020,na,na,na,na,na,27.99
12,Position.9,79.45,0.050,na,na,na,na,na,27.37
13,Position.1,86.98,119.70,82.81,na,na,na,na,na
13,Position.2,79.99,101.80,78.68,na,na,na,na,na
13,Position.3,47.32,88.83,75.42,na,na,na,na,na
13,Position.4,64.57,132.60,86.46,na,na,na,na,na
13,Position.5,71.82,126.30,84.13,na,na,na,na,na
13,Position.6,4.988,78.17,69.15,na,na,na,na,na
13,Position.7,3.711,133.60,85.87,na,na,na,na,na
13,Position.8,2.871,120.60,90.94,na,na,na,na,na
13,Position.9,1.634,78.42,56.75,na,na,na,na,na
14,Position.1,205.60,2.01,72.77,na,na,na,na,na
14,Position.2,147.60,1.88,68.67,na,na,na,na,na
14,Position.3,116.90,1.55,61.18,na,na,na,na,na
14,Position.4,240.20,1.82,85.10,na,na,na,na,na
14,Position.5,174.90,1.63,70.06,na,na,na,na,na
14,Position.6,101.30,1.291,65.99,na,na,na,na,na
14,Position.7,121.10,5.03,68.48,na,na,na,na,na
14,Position.8,103.40,3.740,74.58,na,na,na,na,na
14,Position.9,79.10,3.351,55.68,na,na,na,na,na
15,Position.1,234.60,2.77,na,55.33,na,na,na,na
15,Position.2,219.90,4.18,na,50.79,na,na,na,na
15,Position.3,92.81,0.05,na,43.94,na,na,na,na
15,Position.4,221.00,0.66,na,66.25,na,na,na,na
15,Position.5,194.80,0.83,na,62.65,na,na,na,na
15,Position.6,95.73,0.34,na,53.97,na,na,na,na
15,Position.7,214.20,0.95,na,60.89,na,na,na,na
15,Position.8,78.80,1.05,na,18.70,na,na,na,na
15,Position.9,77.79,1.27,na,54.21,na,na,na,na
16,Position.1,113.10,93.18,na,na,na,52.69,na,na
16,Position.2,133.60,141.40,na,na,na,60.09,na,na
16,Position.3,153.90,124.60,na,na,na,43.88,na,na
16,Position.4,124.50,108.70,na,na,na,57.67,na,na
16,Position.5,375.50,130.80,na,na,na,60.10,na,na
16,Position.6,166.60,107.80,na,na,na,30.15,na,na
16,Position.7,81.49,108.40,na,na,na,50.13,na,na
16,Position.8,138.90,118.60,na,na,na,51.88,na,na
16,Position.9,89.17,96.78,na,na,na,35.67,na,na
17,Position.1,37.74,82.06,na,na,na,40.58,na,na
17,Position.2,33.12,69.24,na,na,na,45.86,na,na
17,Position.3,64.47,92.73,na,na,na,43.39,na,na
17,Position.4,48.22,105.90,na,na,na,47.10,na,na
17,Position.5,83.44,118.50,na,na,na,56.71,na,na
17,Position.6,70.89,111.91,na,na,na,55.08,na,na
17,Position.7,43.04,100.41,na,na,na,45.31,na,na
17,Position.8,76.16,118.60,na,na,na,47.61,na,na
17,Position.9,65.24,104.60,na,na,na,38.15,na,na
18,Position.1,22.93,55.33,na,na,45.94,na,na,na
18,Position.2,23.90,66.25,na,na,48.08,na,na,na
18,Position.3,45.63,62.32,na,na,34.41,na,na,na
18,Position.4,36.14,74.90,na,na,66.71,na,na,na
18,Position.5,39.52,104.40,na,na,62.65,na,na,na
18,Position.6,50.22,4.202,na,na,24.90,na,na,na
18,Position.7,37.78,1.714,na,na,62.74,na,na,na
18,Position.8,4.07,1.55,na,na,47.71,na,na,na
18,Position.9,4.38,1.45,na,na,32.95,na,na,na
