Site Name ,TANKS
Site Number ,1
Logger ,Integrating Light Sensor
Logger Serial Number ,6380


Scan No ,Date and Time,       Integrating Light,        ,
        ,        ,RAW VALUE ,CALIBRATED VALUE,

1,05/05/2016 , 15:45:00,2401,2401
2,05/05/2016 , 16:00:00,1747,1747
3,05/05/2016 , 16:15:00,2013,2013
4,05/05/2016 , 16:30:00,1039,1039
5,05/05/2016 , 16:45:00,475,475
6,05/05/2016 , 17:00:00,709,709
7,05/05/2016 , 17:15:00,640,640
8,05/05/2016 , 17:30:00,302,302
9,05/05/2016 , 17:45:00,173,173
10,05/05/2016 , 18:00:00,129,129
11,05/05/2016 , 18:15:00,81,81
12,05/05/2016 , 18:30:00,65,65
13,05/05/2016 , 18:45:00,44,44
14,05/05/2016 , 19:00:00,12,12
15,05/05/2016 , 19:15:00,1,1
16,05/05/2016 , 19:30:00,0,0
17,05/05/2016 , 19:45:00,0,0
18,05/05/2016 , 20:00:00,0,0
19,05/05/2016 , 20:15:00,0,0
20,05/05/2016 , 20:30:00,0,0
21,05/05/2016 , 20:45:00,0,0
22,05/05/2016 , 21:00:00,0,0
23,05/05/2016 , 21:15:00,0,0
24,05/05/2016 , 21:30:00,0,0
25,05/05/2016 , 21:45:00,0,0
26,05/05/2016 , 22:00:00,0,0
27,05/05/2016 , 22:15:00,0,0
28,05/05/2016 , 22:30:00,0,0
29,05/05/2016 , 22:45:00,0,0
30,05/05/2016 , 23:00:00,0,0
31,05/05/2016 , 23:15:00,0,0
32,05/05/2016 , 23:30:00,0,0
33,05/05/2016 , 23:45:00,0,0
34,05/05/2016 , 24:00:00,0,0
35,06/05/2016 , 00:15:00,0,0
36,06/05/2016 , 00:30:00,0,0
37,06/05/2016 , 00:45:00,0,0
38,06/05/2016 , 01:00:00,0,0
39,06/05/2016 , 01:15:00,0,0
40,06/05/2016 , 01:30:00,0,0
41,06/05/2016 , 01:45:00,0,0
42,06/05/2016 , 02:00:00,0,0
43,06/05/2016 , 02:15:00,0,0
44,06/05/2016 , 02:30:00,0,0
45,06/05/2016 , 02:45:00,0,0
46,06/05/2016 , 03:00:00,0,0
47,06/05/2016 , 03:15:00,0,0
48,06/05/2016 , 03:30:00,0,0
49,06/05/2016 , 03:45:00,0,0
50,06/05/2016 , 04:00:00,0,0
51,06/05/2016 , 04:15:00,0,0
52,06/05/2016 , 04:30:00,0,0
53,06/05/2016 , 04:45:00,0,0
54,06/05/2016 , 05:00:00,0,0
55,06/05/2016 , 05:15:00,0,0
56,06/05/2016 , 05:30:00,0,0
57,06/05/2016 , 05:45:00,0,0
58,06/05/2016 , 06:00:00,1,1
59,06/05/2016 , 06:15:00,14,14
60,06/05/2016 , 06:30:00,41,41
61,06/05/2016 , 06:45:00,93,93
62,06/05/2016 , 07:00:00,173,173
63,06/05/2016 , 07:15:00,239,239
64,06/05/2016 , 07:30:00,231,231
65,06/05/2016 , 07:45:00,252,252
66,06/05/2016 , 08:00:00,420,420
67,06/05/2016 , 08:15:00,609,609
68,06/05/2016 , 08:30:00,1055,1055
69,06/05/2016 , 08:45:00,1191,1191
70,06/05/2016 , 09:00:00,1580,1580
71,06/05/2016 , 09:15:00,1817,1817
72,06/05/2016 , 09:30:00,2604,2604
73,06/05/2016 , 09:45:00,2832,2832
74,06/05/2016 , 10:00:00,3486,3486
75,06/05/2016 , 10:15:00,3022,3022
76,06/05/2016 , 10:30:00,1908,1908
77,06/05/2016 , 10:45:00,4030,4030
78,06/05/2016 , 11:00:00,2774,2774
79,06/05/2016 , 11:15:00,2755,2755
80,06/05/2016 , 11:30:00,3711,3711
81,06/05/2016 , 11:45:00,4202,4202
82,06/05/2016 , 12:00:00,2840,2840
83,06/05/2016 , 12:15:00,2608,2608
84,06/05/2016 , 12:30:00,2641,2641
85,06/05/2016 , 12:45:00,2780,2780
86,06/05/2016 , 13:00:00,3659,3659
87,06/05/2016 , 13:15:00,3748,3748
88,06/05/2016 , 13:30:00,4018,4018
89,06/05/2016 , 13:45:00,1904,1904
90,06/05/2016 , 14:00:00,1323,1323
91,06/05/2016 , 14:15:00,1274,1274
92,06/05/2016 , 14:30:00,1286,1286
93,06/05/2016 , 14:45:00,906,906
94,06/05/2016 , 15:00:00,595,595
95,06/05/2016 , 15:15:00,543,543
96,06/05/2016 , 15:30:00,480,480
97,06/05/2016 , 15:45:00,650,650
98,06/05/2016 , 16:00:00,385,385
99,06/05/2016 , 16:15:00,846,846
100,06/05/2016 , 16:30:00,425,425
101,06/05/2016 , 16:45:00,184,184
102,06/05/2016 , 17:00:00,541,541
103,06/05/2016 , 17:15:00,443,443
104,06/05/2016 , 17:30:00,358,358
105,06/05/2016 , 17:45:00,395,395
106,06/05/2016 , 18:00:00,302,302
107,06/05/2016 , 18:15:00,151,151
108,06/05/2016 , 18:30:00,99,99
109,06/05/2016 , 18:45:00,39,39
110,06/05/2016 , 19:00:00,23,23
111,06/05/2016 , 19:15:00,0,0
112,06/05/2016 , 19:30:00,0,0
113,06/05/2016 , 19:45:00,0,0
114,06/05/2016 , 20:00:00,0,0
115,06/05/2016 , 20:15:00,0,0
116,06/05/2016 , 20:30:00,0,0
117,06/05/2016 , 20:45:00,0,0
118,06/05/2016 , 21:00:00,0,0
119,06/05/2016 , 21:15:00,0,0
120,06/05/2016 , 21:30:00,0,0
121,06/05/2016 , 21:45:00,0,0
122,06/05/2016 , 22:00:00,0,0
123,06/05/2016 , 22:15:00,0,0
124,06/05/2016 , 22:30:00,0,0
125,06/05/2016 , 22:45:00,0,0
126,06/05/2016 , 23:00:00,0,0
127,06/05/2016 , 23:15:00,0,0
128,06/05/2016 , 23:30:00,0,0
129,06/05/2016 , 23:45:00,0,0
130,06/05/2016 , 24:00:00,0,0
131,07/05/2016 , 00:15:00,0,0
132,07/05/2016 , 00:30:00,0,0
133,07/05/2016 , 00:45:00,0,0
134,07/05/2016 , 01:00:00,0,0
135,07/05/2016 , 01:15:00,0,0
136,07/05/2016 , 01:30:00,0,0
137,07/05/2016 , 01:45:00,0,0
138,07/05/2016 , 02:00:00,0,0
139,07/05/2016 , 02:15:00,0,0
140,07/05/2016 , 02:30:00,0,0
141,07/05/2016 , 02:45:00,0,0
142,07/05/2016 , 03:00:00,0,0
143,07/05/2016 , 03:15:00,0,0
144,07/05/2016 , 03:30:00,0,0
145,07/05/2016 , 03:45:00,0,0
146,07/05/2016 , 04:00:00,0,0
147,07/05/2016 , 04:15:00,0,0
148,07/05/2016 , 04:30:00,0,0
149,07/05/2016 , 04:45:00,0,0
150,07/05/2016 , 05:00:00,0,0
151,07/05/2016 , 05:15:00,0,0
152,07/05/2016 , 05:30:00,0,0
153,07/05/2016 , 05:45:00,0,0
154,07/05/2016 , 06:00:00,0,0
155,07/05/2016 , 06:15:00,5,5
156,07/05/2016 , 06:30:00,26,26
157,07/05/2016 , 06:45:00,53,53
158,07/05/2016 , 07:00:00,81,81
159,07/05/2016 , 07:15:00,132,132
160,07/05/2016 , 07:30:00,120,120
161,07/05/2016 , 07:45:00,223,223
162,07/05/2016 , 08:00:00,257,257
163,07/05/2016 , 08:15:00,282,282
164,07/05/2016 , 08:30:00,478,478
165,07/05/2016 , 08:45:00,873,873
166,07/05/2016 , 09:00:00,509,509
167,07/05/2016 , 09:15:00,547,547
168,07/05/2016 , 09:30:00,729,729
169,07/05/2016 , 09:45:00,1110,1110
170,07/05/2016 , 10:00:00,1127,1127
171,07/05/2016 , 10:15:00,1011,1011
172,07/05/2016 , 10:30:00,870,870
173,07/05/2016 , 10:45:00,751,751
174,07/05/2016 , 11:00:00,993,993
175,07/05/2016 , 11:15:00,1325,1325
176,07/05/2016 , 11:30:00,819,819
177,07/05/2016 , 11:45:00,850,850
178,07/05/2016 , 12:00:00,842,842
179,07/05/2016 , 12:15:00,800,800
180,07/05/2016 , 12:30:00,908,908
181,07/05/2016 , 12:45:00,989,989
182,07/05/2016 , 13:00:00,799,799
183,07/05/2016 , 13:15:00,1132,1132
184,07/05/2016 , 13:30:00,1089,1089
185,07/05/2016 , 13:45:00,1100,1100
186,07/05/2016 , 14:00:00,1066,1066
187,07/05/2016 , 14:15:00,970,970
188,07/05/2016 , 14:30:00,755,755
189,07/05/2016 , 14:45:00,715,715
190,07/05/2016 , 15:00:00,830,830
191,07/05/2016 , 15:15:00,921,921
192,07/05/2016 , 15:30:00,1114,1114
193,07/05/2016 , 15:45:00,542,542
194,07/05/2016 , 16:00:00,456,456
195,07/05/2016 , 16:15:00,337,337
196,07/05/2016 , 16:30:00,296,296
197,07/05/2016 , 16:45:00,320,320
198,07/05/2016 , 17:00:00,212,212
199,07/05/2016 , 17:15:00,160,160
200,07/05/2016 , 17:30:00,94,94
201,07/05/2016 , 17:45:00,95,95
202,07/05/2016 , 18:00:00,99,99
203,07/05/2016 , 18:15:00,94,94
204,07/05/2016 , 18:30:00,46,46
205,07/05/2016 , 18:45:00,19,19
206,07/05/2016 , 19:00:00,4,4
207,07/05/2016 , 19:15:00,0,0
208,07/05/2016 , 19:30:00,0,0
209,07/05/2016 , 19:45:00,0,0
210,07/05/2016 , 20:00:00,0,0
211,07/05/2016 , 20:15:00,0,0
212,07/05/2016 , 20:30:00,0,0
213,07/05/2016 , 20:45:00,0,0
214,07/05/2016 , 21:00:00,0,0
215,07/05/2016 , 21:15:00,0,0
216,07/05/2016 , 21:30:00,0,0
217,07/05/2016 , 21:45:00,0,0
218,07/05/2016 , 22:00:00,0,0
219,07/05/2016 , 22:15:00,0,0
220,07/05/2016 , 22:30:00,0,0
221,07/05/2016 , 22:45:00,0,0
222,07/05/2016 , 23:00:00,0,0
223,07/05/2016 , 23:15:00,0,0
224,07/05/2016 , 23:30:00,0,0
225,07/05/2016 , 23:45:00,0,0
226,07/05/2016 , 24:00:00,0,0
227,08/05/2016 , 00:15:00,0,0
228,08/05/2016 , 00:30:00,0,0
229,08/05/2016 , 00:45:00,0,0
230,08/05/2016 , 01:00:00,0,0
231,08/05/2016 , 01:15:00,0,0
232,08/05/2016 , 01:30:00,0,0
233,08/05/2016 , 01:45:00,0,0
234,08/05/2016 , 02:00:00,0,0
235,08/05/2016 , 02:15:00,0,0
236,08/05/2016 , 02:30:00,0,0
237,08/05/2016 , 02:45:00,0,0
238,08/05/2016 , 03:00:00,0,0
239,08/05/2016 , 03:15:00,0,0
240,08/05/2016 , 03:30:00,0,0
241,08/05/2016 , 03:45:00,0,0
242,08/05/2016 , 04:00:00,0,0
243,08/05/2016 , 04:15:00,0,0
244,08/05/2016 , 04:30:00,0,0
245,08/05/2016 , 04:45:00,0,0
246,08/05/2016 , 05:00:00,0,0
247,08/05/2016 , 05:15:00,0,0
248,08/05/2016 , 05:30:00,0,0
249,08/05/2016 , 05:45:00,0,0
250,08/05/2016 , 06:00:00,0,0
251,08/05/2016 , 06:15:00,8,8
252,08/05/2016 , 06:30:00,22,22
253,08/05/2016 , 06:45:00,36,36
254,08/05/2016 , 07:00:00,43,43
255,08/05/2016 , 07:15:00,114,114
256,08/05/2016 , 07:30:00,127,127
257,08/05/2016 , 07:45:00,138,138
258,08/05/2016 , 08:00:00,229,229
259,08/05/2016 , 08:15:00,243,243
260,08/05/2016 , 08:30:00,226,226
261,08/05/2016 , 08:45:00,323,323
262,08/05/2016 , 09:00:00,361,361
263,08/05/2016 , 09:15:00,543,543
264,08/05/2016 , 09:30:00,497,497
265,08/05/2016 , 09:45:00,552,552
266,08/05/2016 , 10:00:00,609,609
267,08/05/2016 , 10:15:00,479,479
268,08/05/2016 , 10:30:00,717,717
269,08/05/2016 , 10:45:00,581,581
270,08/05/2016 , 11:00:00,596,596
271,08/05/2016 , 11:15:00,668,668
272,08/05/2016 , 11:30:00,755,755
273,08/05/2016 , 11:45:00,613,613
274,08/05/2016 , 12:00:00,663,663
275,08/05/2016 , 12:15:00,639,639
276,08/05/2016 , 12:30:00,618,618
277,08/05/2016 , 12:45:00,631,631
278,08/05/2016 , 13:00:00,824,824
279,08/05/2016 , 13:15:00,953,953
280,08/05/2016 , 13:30:00,499,499
281,08/05/2016 , 13:45:00,810,810
282,08/05/2016 , 14:00:00,719,719
283,08/05/2016 , 14:15:00,652,652
284,08/05/2016 , 14:30:00,536,536
285,08/05/2016 , 14:45:00,517,517
286,08/05/2016 , 15:00:00,417,417
287,08/05/2016 , 15:15:00,321,321
288,08/05/2016 , 15:30:00,324,324
289,08/05/2016 , 15:45:00,386,386
290,08/05/2016 , 16:00:00,437,437
291,08/05/2016 , 16:15:00,442,442
292,08/05/2016 , 16:30:00,346,346
293,08/05/2016 , 16:45:00,344,344
294,08/05/2016 , 17:00:00,319,319
295,08/05/2016 , 17:15:00,267,267
296,08/05/2016 , 17:30:00,230,230
297,08/05/2016 , 17:45:00,155,155
298,08/05/2016 , 18:00:00,94,94
299,08/05/2016 , 18:15:00,77,77
300,08/05/2016 , 18:30:00,61,61
301,08/05/2016 , 18:45:00,41,41
302,08/05/2016 , 19:00:00,15,15
303,08/05/2016 , 19:15:00,1,1
304,08/05/2016 , 19:30:00,0,0
305,08/05/2016 , 19:45:00,0,0
306,08/05/2016 , 20:00:00,0,0
307,08/05/2016 , 20:15:00,0,0
308,08/05/2016 , 20:30:00,0,0
309,08/05/2016 , 20:45:00,0,0
310,08/05/2016 , 21:00:00,0,0
311,08/05/2016 , 21:15:00,0,0
312,08/05/2016 , 21:30:00,0,0
313,08/05/2016 , 21:45:00,0,0
314,08/05/2016 , 22:00:00,0,0
315,08/05/2016 , 22:15:00,0,0
316,08/05/2016 , 22:30:00,0,0
317,08/05/2016 , 22:45:00,0,0
318,08/05/2016 , 23:00:00,0,0
319,08/05/2016 , 23:15:00,0,0
320,08/05/2016 , 23:30:00,0,0
321,08/05/2016 , 23:45:00,0,0
322,08/05/2016 , 24:00:00,0,0
323,09/05/2016 , 00:15:00,0,0
324,09/05/2016 , 00:30:00,0,0
325,09/05/2016 , 00:45:00,0,0
326,09/05/2016 , 01:00:00,0,0
327,09/05/2016 , 01:15:00,0,0
328,09/05/2016 , 01:30:00,0,0
329,09/05/2016 , 01:45:00,0,0
330,09/05/2016 , 02:00:00,0,0
331,09/05/2016 , 02:15:00,0,0
332,09/05/2016 , 02:30:00,0,0
333,09/05/2016 , 02:45:00,0,0
334,09/05/2016 , 03:00:00,0,0
335,09/05/2016 , 03:15:00,0,0
336,09/05/2016 , 03:30:00,0,0
337,09/05/2016 , 03:45:00,0,0
338,09/05/2016 , 04:00:00,0,0
339,09/05/2016 , 04:15:00,0,0
340,09/05/2016 , 04:30:00,0,0
341,09/05/2016 , 04:45:00,0,0
342,09/05/2016 , 05:00:00,0,0
343,09/05/2016 , 05:15:00,0,0
344,09/05/2016 , 05:30:00,0,0
345,09/05/2016 , 05:45:00,0,0
346,09/05/2016 , 06:00:00,2,2
347,09/05/2016 , 06:15:00,25,25
348,09/05/2016 , 06:30:00,55,55
349,09/05/2016 , 06:45:00,65,65
350,09/05/2016 , 07:00:00,153,153
351,09/05/2016 , 07:15:00,270,270
352,09/05/2016 , 07:30:00,251,251
353,09/05/2016 , 07:45:00,406,406
354,09/05/2016 , 08:00:00,429,429
355,09/05/2016 , 08:15:00,464,464
356,09/05/2016 , 08:30:00,476,476
357,09/05/2016 , 08:45:00,389,389
358,09/05/2016 , 09:00:00,370,370
359,09/05/2016 , 09:15:00,557,557
360,09/05/2016 , 09:30:00,620,620
361,09/05/2016 , 09:45:00,580,580
362,09/05/2016 , 10:00:00,479,479
363,09/05/2016 , 10:15:00,618,618
364,09/05/2016 , 10:30:00,726,726
365,09/05/2016 , 10:45:00,641,641
366,09/05/2016 , 11:00:00,779,779
367,09/05/2016 , 11:15:00,856,856
368,09/05/2016 , 11:30:00,882,882
369,09/05/2016 , 11:45:00,787,787
370,09/05/2016 , 12:00:00,795,795
371,09/05/2016 , 12:15:00,823,823
372,09/05/2016 , 12:30:00,968,968
373,09/05/2016 , 12:45:00,1079,1079
374,09/05/2016 , 13:00:00,1100,1100
375,09/05/2016 , 13:15:00,963,963
376,09/05/2016 , 13:30:00,1010,1010
377,09/05/2016 , 13:45:00,1183,1183
378,09/05/2016 , 14:00:00,1262,1262
379,09/05/2016 , 14:15:00,878,878
380,09/05/2016 , 14:30:00,881,881
381,09/05/2016 , 14:45:00,746,746
382,09/05/2016 , 15:00:00,701,701
383,09/05/2016 , 15:15:00,716,716
384,09/05/2016 , 15:30:00,724,724
385,09/05/2016 , 15:45:00,593,593
386,09/05/2016 , 16:00:00,546,546
387,09/05/2016 , 16:15:00,442,442
388,09/05/2016 , 16:30:00,305,305
389,09/05/2016 , 16:45:00,222,222
390,09/05/2016 , 17:00:00,220,220
391,09/05/2016 , 17:15:00,220,220
392,09/05/2016 , 17:30:00,152,152
393,09/05/2016 , 17:45:00,109,109
394,09/05/2016 , 18:00:00,83,83
395,09/05/2016 , 18:15:00,63,63
396,09/05/2016 , 18:30:00,71,71
397,09/05/2016 , 18:45:00,41,41
398,09/05/2016 , 19:00:00,20,20
399,09/05/2016 , 19:15:00,1,1
400,09/05/2016 , 19:30:00,0,0
401,09/05/2016 , 19:45:00,0,0
402,09/05/2016 , 20:00:00,0,0
403,09/05/2016 , 20:15:00,0,0
404,09/05/2016 , 20:30:00,0,0
405,09/05/2016 , 20:45:00,0,0
406,09/05/2016 , 21:00:00,0,0
407,09/05/2016 , 21:15:00,0,0
408,09/05/2016 , 21:30:00,0,0
409,09/05/2016 , 21:45:00,0,0
410,09/05/2016 , 22:00:00,0,0
411,09/05/2016 , 22:15:00,0,0
412,09/05/2016 , 22:30:00,0,0
413,09/05/2016 , 22:45:00,0,0
414,09/05/2016 , 23:00:00,0,0
415,09/05/2016 , 23:15:00,0,0
416,09/05/2016 , 23:30:00,0,0
417,09/05/2016 , 23:45:00,0,0
418,09/05/2016 , 24:00:00,0,0
419,10/05/2016 , 00:15:00,0,0
420,10/05/2016 , 00:30:00,0,0
421,10/05/2016 , 00:45:00,0,0
422,10/05/2016 , 01:00:00,0,0
423,10/05/2016 , 01:15:00,0,0
424,10/05/2016 , 01:30:00,0,0
425,10/05/2016 , 01:45:00,0,0
426,10/05/2016 , 02:00:00,0,0
427,10/05/2016 , 02:15:00,0,0
428,10/05/2016 , 02:30:00,0,0
429,10/05/2016 , 02:45:00,0,0
430,10/05/2016 , 03:00:00,0,0
431,10/05/2016 , 03:15:00,0,0
432,10/05/2016 , 03:30:00,0,0
433,10/05/2016 , 03:45:00,0,0
434,10/05/2016 , 04:00:00,0,0
435,10/05/2016 , 04:15:00,0,0
436,10/05/2016 , 04:30:00,0,0
437,10/05/2016 , 04:45:00,0,0
438,10/05/2016 , 05:00:00,0,0
439,10/05/2016 , 05:15:00,0,0
440,10/05/2016 , 05:30:00,0,0
441,10/05/2016 , 05:45:00,0,0
442,10/05/2016 , 06:00:00,0,0
443,10/05/2016 , 06:15:00,10,10
444,10/05/2016 , 06:30:00,39,39
445,10/05/2016 , 06:45:00,86,86
446,10/05/2016 , 07:00:00,108,108
447,10/05/2016 , 07:15:00,173,173
448,10/05/2016 , 07:30:00,193,193
449,10/05/2016 , 07:45:00,265,265
450,10/05/2016 , 08:00:00,422,422
451,10/05/2016 , 08:15:00,664,664
452,10/05/2016 , 08:30:00,1279,1279
453,10/05/2016 , 08:45:00,1193,1193
454,10/05/2016 , 09:00:00,1757,1757
455,10/05/2016 , 09:15:00,1964,1964
456,10/05/2016 , 09:30:00,1663,1663
457,10/05/2016 , 09:45:00,3080,3080
458,10/05/2016 , 10:00:00,2720,2720
459,10/05/2016 , 10:15:00,4102,4102
460,10/05/2016 , 10:30:00,3261,3261
461,10/05/2016 , 10:45:00,865,865
462,10/05/2016 , 11:00:00,1280,1280
463,10/05/2016 , 11:15:00,1345,1345
464,10/05/2016 , 11:30:00,1916,1916
465,10/05/2016 , 11:45:00,2233,2233
466,10/05/2016 , 12:00:00,2361,2361
467,10/05/2016 , 12:15:00,2611,2611
468,10/05/2016 , 12:30:00,2042,2042
469,10/05/2016 , 12:45:00,3082,3082
470,10/05/2016 , 13:00:00,3498,3498
471,10/05/2016 , 13:15:00,3826,3826
472,10/05/2016 , 13:30:00,2506,2506
473,10/05/2016 , 13:45:00,2006,2006
474,10/05/2016 , 14:00:00,2071,2071
475,10/05/2016 , 14:15:00,1944,1944
476,10/05/2016 , 14:30:00,2480,2480
477,10/05/2016 , 14:45:00,1862,1862
478,10/05/2016 , 15:00:00,2250,2250
479,10/05/2016 , 15:15:00,2236,2236
480,10/05/2016 , 15:30:00,2249,2249
481,10/05/2016 , 15:45:00,2234,2234
482,10/05/2016 , 16:00:00,2413,2413
483,10/05/2016 , 16:15:00,1285,1285
484,10/05/2016 , 16:30:00,935,935
485,10/05/2016 , 16:45:00,900,900
486,10/05/2016 , 17:00:00,694,694
487,10/05/2016 , 17:15:00,400,400
488,10/05/2016 , 17:30:00,338,338
489,10/05/2016 , 17:45:00,189,189
490,10/05/2016 , 18:00:00,162,162
491,10/05/2016 , 18:15:00,132,132
492,10/05/2016 , 18:30:00,97,97
493,10/05/2016 , 18:45:00,44,44
494,10/05/2016 , 19:00:00,17,17
495,10/05/2016 , 19:15:00,2,2
496,10/05/2016 , 19:30:00,0,0
497,10/05/2016 , 19:45:00,0,0
498,10/05/2016 , 20:00:00,0,0
499,10/05/2016 , 20:15:00,0,0
500,10/05/2016 , 20:30:00,0,0
501,10/05/2016 , 20:45:00,0,0
502,10/05/2016 , 21:00:00,0,0
503,10/05/2016 , 21:15:00,0,0
504,10/05/2016 , 21:30:00,0,0
505,10/05/2016 , 21:45:00,0,0
506,10/05/2016 , 22:00:00,0,0
507,10/05/2016 , 22:15:00,0,0
508,10/05/2016 , 22:30:00,0,0
509,10/05/2016 , 22:45:00,0,0
510,10/05/2016 , 23:00:00,0,0
511,10/05/2016 , 23:15:00,0,0
512,10/05/2016 , 23:30:00,0,0
513,10/05/2016 , 23:45:00,0,0
514,10/05/2016 , 24:00:00,0,0
515,11/05/2016 , 00:15:00,0,0
516,11/05/2016 , 00:30:00,0,0
517,11/05/2016 , 00:45:00,0,0
518,11/05/2016 , 01:00:00,0,0
519,11/05/2016 , 01:15:00,0,0
520,11/05/2016 , 01:30:00,0,0
521,11/05/2016 , 01:45:00,0,0
522,11/05/2016 , 02:00:00,0,0
523,11/05/2016 , 02:15:00,0,0
524,11/05/2016 , 02:30:00,0,0
525,11/05/2016 , 02:45:00,0,0
526,11/05/2016 , 03:00:00,0,0
527,11/05/2016 , 03:15:00,0,0
528,11/05/2016 , 03:30:00,0,0
529,11/05/2016 , 03:45:00,0,0
530,11/05/2016 , 04:00:00,0,0
531,11/05/2016 , 04:15:00,0,0
532,11/05/2016 , 04:30:00,0,0
533,11/05/2016 , 04:45:00,0,0
534,11/05/2016 , 05:00:00,0,0
535,11/05/2016 , 05:15:00,0,0
536,11/05/2016 , 05:30:00,0,0
537,11/05/2016 , 05:45:00,0,0
538,11/05/2016 , 06:00:00,4,4
539,11/05/2016 , 06:15:00,34,34
540,11/05/2016 , 06:30:00,111,111
541,11/05/2016 , 06:45:00,197,197
542,11/05/2016 , 07:00:00,295,295
543,11/05/2016 , 07:15:00,528,528
544,11/05/2016 , 07:30:00,639,639
545,11/05/2016 , 07:45:00,762,762
546,11/05/2016 , 08:00:00,854,854
547,11/05/2016 , 08:15:00,974,974
548,11/05/2016 , 08:30:00,826,826
549,11/05/2016 , 08:45:00,1529,1529
550,11/05/2016 , 09:00:00,1223,1223
551,11/05/2016 , 09:15:00,1192,1192
552,11/05/2016 , 09:30:00,1492,1492
553,11/05/2016 , 09:45:00,1272,1272
554,11/05/2016 , 10:00:00,1123,1123
555,11/05/2016 , 10:15:00,878,878
556,11/05/2016 , 10:30:00,743,743
557,11/05/2016 , 10:45:00,837,837
558,11/05/2016 , 11:00:00,978,978
559,11/05/2016 , 11:15:00,1477,1477
560,11/05/2016 , 11:30:00,2370,2370
561,11/05/2016 , 11:45:00,1701,1701
562,11/05/2016 , 12:00:00,1269,1269
563,11/05/2016 , 12:15:00,1300,1300
564,11/05/2016 , 12:30:00,2330,2330
565,11/05/2016 , 12:45:00,1711,1711
566,11/05/2016 , 13:00:00,1648,1648
567,11/05/2016 , 13:15:00,1260,1260
568,11/05/2016 , 13:30:00,991,991
569,11/05/2016 , 13:45:00,1460,1460
570,11/05/2016 , 14:00:00,851,851
571,11/05/2016 , 14:15:00,1711,1711
572,11/05/2016 , 14:30:00,2597,2597
573,11/05/2016 , 14:45:00,1629,1629
574,11/05/2016 , 15:00:00,982,982
575,11/05/2016 , 15:15:00,594,594
576,11/05/2016 , 15:30:00,765,765
577,11/05/2016 , 15:45:00,667,667
578,11/05/2016 , 16:00:00,710,710
579,11/05/2016 , 16:15:00,528,528
580,11/05/2016 , 16:30:00,296,296
581,11/05/2016 , 16:45:00,388,388
582,11/05/2016 , 17:00:00,321,321
583,11/05/2016 , 17:15:00,249,249
584,11/05/2016 , 17:30:00,241,241
585,11/05/2016 , 17:45:00,152,152
586,11/05/2016 , 18:00:00,189,189
587,11/05/2016 , 18:15:00,169,169
588,11/05/2016 , 18:30:00,89,89
589,11/05/2016 , 18:45:00,43,43
590,11/05/2016 , 19:00:00,13,13
591,11/05/2016 , 19:15:00,1,1
592,11/05/2016 , 19:30:00,0,0
593,11/05/2016 , 19:45:00,0,0
594,11/05/2016 , 20:00:00,0,0
595,11/05/2016 , 20:15:00,0,0
596,11/05/2016 , 20:30:00,0,0
597,11/05/2016 , 20:45:00,0,0
598,11/05/2016 , 21:00:00,0,0
599,11/05/2016 , 21:15:00,0,0
600,11/05/2016 , 21:30:00,0,0
601,11/05/2016 , 21:45:00,0,0
602,11/05/2016 , 22:00:00,0,0
603,11/05/2016 , 22:15:00,0,0
604,11/05/2016 , 22:30:00,0,0
605,11/05/2016 , 22:45:00,0,0
606,11/05/2016 , 23:00:00,0,0
607,11/05/2016 , 23:15:00,0,0
608,11/05/2016 , 23:30:00,0,0
609,11/05/2016 , 23:45:00,0,0
610,11/05/2016 , 24:00:00,0,0
611,12/05/2016 , 00:15:00,0,0
612,12/05/2016 , 00:30:00,0,0
613,12/05/2016 , 00:45:00,0,0
614,12/05/2016 , 01:00:00,0,0
615,12/05/2016 , 01:15:00,0,0
616,12/05/2016 , 01:30:00,0,0
617,12/05/2016 , 01:45:00,0,0
618,12/05/2016 , 02:00:00,0,0
619,12/05/2016 , 02:15:00,0,0
620,12/05/2016 , 02:30:00,0,0
621,12/05/2016 , 02:45:00,0,0
622,12/05/2016 , 03:00:00,0,0
623,12/05/2016 , 03:15:00,0,0
624,12/05/2016 , 03:30:00,0,0
625,12/05/2016 , 03:45:00,0,0
626,12/05/2016 , 04:00:00,0,0
627,12/05/2016 , 04:15:00,0,0
628,12/05/2016 , 04:30:00,0,0
629,12/05/2016 , 04:45:00,0,0
630,12/05/2016 , 05:00:00,0,0
631,12/05/2016 , 05:15:00,0,0
632,12/05/2016 , 05:30:00,0,0
633,12/05/2016 , 05:45:00,0,0
634,12/05/2016 , 06:00:00,4,4
635,12/05/2016 , 06:15:00,31,31
636,12/05/2016 , 06:30:00,55,55
637,12/05/2016 , 06:45:00,126,126
638,12/05/2016 , 07:00:00,168,168
639,12/05/2016 , 07:15:00,398,398
640,12/05/2016 , 07:30:00,458,458
641,12/05/2016 , 07:45:00,485,485
642,12/05/2016 , 08:00:00,484,484
643,12/05/2016 , 08:15:00,689,689
644,12/05/2016 , 08:30:00,1163,1163
645,12/05/2016 , 08:45:00,874,874
646,12/05/2016 , 09:00:00,1203,1203
647,12/05/2016 , 09:15:00,1342,1342
648,12/05/2016 , 09:30:00,1061,1061
649,12/05/2016 , 09:45:00,1218,1218
650,12/05/2016 , 10:00:00,905,905
651,12/05/2016 , 10:15:00,665,665
652,12/05/2016 , 10:30:00,762,762
653,12/05/2016 , 10:45:00,903,903
654,12/05/2016 , 11:00:00,1019,1019
655,12/05/2016 , 11:15:00,1260,1260
656,12/05/2016 , 11:30:00,1200,1200
657,12/05/2016 , 11:45:00,1131,1131
658,12/05/2016 , 12:00:00,1342,1342
659,12/05/2016 , 12:15:00,1483,1483
660,12/05/2016 , 12:30:00,1325,1325
661,12/05/2016 , 12:45:00,1405,1405
662,12/05/2016 , 13:00:00,2229,2229
663,12/05/2016 , 13:15:00,2273,2273
664,12/05/2016 , 13:30:00,4685,4685
665,12/05/2016 , 13:45:00,4003,4003
666,12/05/2016 , 14:00:00,2580,2580
667,12/05/2016 , 14:15:00,1861,1861
668,12/05/2016 , 14:30:00,1585,1585
669,12/05/2016 , 14:45:00,1569,1569
670,12/05/2016 , 15:00:00,1933,1933
671,12/05/2016 , 15:15:00,1920,1920
672,12/05/2016 , 15:30:00,1647,1647
673,12/05/2016 , 15:45:00,1465,1465
674,12/05/2016 , 16:00:00,1165,1165
675,12/05/2016 , 16:15:00,1188,1188
676,12/05/2016 , 16:30:00,890,890
677,12/05/2016 , 16:45:00,909,909
678,12/05/2016 , 17:00:00,527,527
679,12/05/2016 , 17:15:00,602,602
680,12/05/2016 , 17:30:00,259,259
681,12/05/2016 , 17:45:00,174,174
682,12/05/2016 , 18:00:00,128,128
683,12/05/2016 , 18:15:00,64,64
684,12/05/2016 , 18:30:00,62,62
685,12/05/2016 , 18:45:00,39,39
686,12/05/2016 , 19:00:00,22,22
687,12/05/2016 , 19:15:00,1,1
688,12/05/2016 , 19:30:00,0,0
689,12/05/2016 , 19:45:00,0,0
690,12/05/2016 , 20:00:00,0,0
691,12/05/2016 , 20:15:00,0,0
692,12/05/2016 , 20:30:00,0,0
693,12/05/2016 , 20:45:00,0,0
694,12/05/2016 , 21:00:00,0,0
695,12/05/2016 , 21:15:00,0,0
696,12/05/2016 , 21:30:00,0,0
697,12/05/2016 , 21:45:00,0,0
698,12/05/2016 , 22:00:00,0,0
699,12/05/2016 , 22:15:00,0,0
700,12/05/2016 , 22:30:00,0,0
701,12/05/2016 , 22:45:00,0,0
702,12/05/2016 , 23:00:00,0,0
703,12/05/2016 , 23:15:00,0,0
704,12/05/2016 , 23:30:00,0,0
705,12/05/2016 , 23:45:00,0,0
706,12/05/2016 , 24:00:00,0,0
707,13/05/2016 , 00:15:00,0,0
708,13/05/2016 , 00:30:00,0,0
709,13/05/2016 , 00:45:00,0,0
710,13/05/2016 , 01:00:00,0,0
711,13/05/2016 , 01:15:00,0,0
712,13/05/2016 , 01:30:00,0,0
713,13/05/2016 , 01:45:00,0,0
714,13/05/2016 , 02:00:00,0,0
715,13/05/2016 , 02:15:00,0,0
716,13/05/2016 , 02:30:00,0,0
717,13/05/2016 , 02:45:00,0,0
718,13/05/2016 , 03:00:00,0,0
719,13/05/2016 , 03:15:00,0,0
720,13/05/2016 , 03:30:00,0,0
721,13/05/2016 , 03:45:00,0,0
722,13/05/2016 , 04:00:00,0,0
723,13/05/2016 , 04:15:00,0,0
724,13/05/2016 , 04:30:00,0,0
725,13/05/2016 , 04:45:00,0,0
726,13/05/2016 , 05:00:00,0,0
727,13/05/2016 , 05:15:00,0,0
728,13/05/2016 , 05:30:00,0,0
729,13/05/2016 , 05:45:00,0,0
730,13/05/2016 , 06:00:00,2,2
731,13/05/2016 , 06:15:00,40,40
732,13/05/2016 , 06:30:00,103,103
733,13/05/2016 , 06:45:00,144,144
734,13/05/2016 , 07:00:00,223,223
735,13/05/2016 , 07:15:00,305,305
736,13/05/2016 , 07:30:00,355,355
737,13/05/2016 , 07:45:00,475,475
738,13/05/2016 , 08:00:00,630,630
739,13/05/2016 , 08:15:00,507,507
740,13/05/2016 , 08:30:00,532,532
741,13/05/2016 , 08:45:00,936,936
742,13/05/2016 , 09:00:00,1237,1237
743,13/05/2016 , 09:15:00,1631,1631
744,13/05/2016 , 09:30:00,1472,1472
745,13/05/2016 , 09:45:00,1128,1128
746,13/05/2016 , 10:00:00,967,967
747,13/05/2016 , 10:15:00,1584,1584
748,13/05/2016 , 10:30:00,2242,2242
749,13/05/2016 , 10:45:00,2062,2062
750,13/05/2016 , 11:00:00,2220,2220
751,13/05/2016 , 11:15:00,4085,4085
752,13/05/2016 , 11:30:00,4512,4512
753,13/05/2016 , 11:45:00,2824,2824
754,13/05/2016 , 12:00:00,1985,1985
755,13/05/2016 , 12:15:00,1623,1623
756,13/05/2016 , 12:30:00,1456,1456
757,13/05/2016 , 12:45:00,1595,1595
758,13/05/2016 , 13:00:00,1519,1519
759,13/05/2016 , 13:15:00,1149,1149
760,13/05/2016 , 13:30:00,1492,1492
761,13/05/2016 , 13:45:00,1457,1457
762,13/05/2016 , 14:00:00,1148,1148
763,13/05/2016 , 14:15:00,952,952
764,13/05/2016 , 14:30:00,1161,1161
765,13/05/2016 , 14:45:00,1391,1391
766,13/05/2016 , 15:00:00,970,970
767,13/05/2016 , 15:15:00,1109,1109
768,13/05/2016 , 15:30:00,1270,1270
769,13/05/2016 , 15:45:00,1318,1318
770,13/05/2016 , 16:00:00,1356,1356
771,13/05/2016 , 16:15:00,1068,1068
772,13/05/2016 , 16:30:00,1000,1000
773,13/05/2016 , 16:45:00,923,923
774,13/05/2016 , 17:00:00,856,856
775,13/05/2016 , 17:15:00,669,669
776,13/05/2016 , 17:30:00,439,439
777,13/05/2016 , 17:45:00,395,395
778,13/05/2016 , 18:00:00,360,360
779,13/05/2016 , 18:15:00,214,214
780,13/05/2016 , 18:30:00,143,143
781,13/05/2016 , 18:45:00,83,83
782,13/05/2016 , 19:00:00,29,29
783,13/05/2016 , 19:15:00,3,3
784,13/05/2016 , 19:30:00,0,0
785,13/05/2016 , 19:45:00,0,0
786,13/05/2016 , 20:00:00,0,0
787,13/05/2016 , 20:15:00,0,0
788,13/05/2016 , 20:30:00,0,0
789,13/05/2016 , 20:45:00,0,0
790,13/05/2016 , 21:00:00,0,0
791,13/05/2016 , 21:15:00,0,0
792,13/05/2016 , 21:30:00,0,0
793,13/05/2016 , 21:45:00,0,0
794,13/05/2016 , 22:00:00,0,0
795,13/05/2016 , 22:15:00,0,0
796,13/05/2016 , 22:30:00,0,0
797,13/05/2016 , 22:45:00,0,0
798,13/05/2016 , 23:00:00,0,0
799,13/05/2016 , 23:15:00,0,0
800,13/05/2016 , 23:30:00,0,0
801,13/05/2016 , 23:45:00,0,0
802,13/05/2016 , 24:00:00,0,0
803,14/05/2016 , 00:15:00,0,0
804,14/05/2016 , 00:30:00,0,0
805,14/05/2016 , 00:45:00,0,0
806,14/05/2016 , 01:00:00,0,0
807,14/05/2016 , 01:15:00,0,0
808,14/05/2016 , 01:30:00,0,0
809,14/05/2016 , 01:45:00,0,0
810,14/05/2016 , 02:00:00,0,0
811,14/05/2016 , 02:15:00,0,0
812,14/05/2016 , 02:30:00,0,0
813,14/05/2016 , 02:45:00,0,0
814,14/05/2016 , 03:00:00,0,0
815,14/05/2016 , 03:15:00,0,0
816,14/05/2016 , 03:30:00,0,0
817,14/05/2016 , 03:45:00,0,0
818,14/05/2016 , 04:00:00,0,0
819,14/05/2016 , 04:15:00,0,0
820,14/05/2016 , 04:30:00,0,0
821,14/05/2016 , 04:45:00,0,0
822,14/05/2016 , 05:00:00,0,0
823,14/05/2016 , 05:15:00,0,0
824,14/05/2016 , 05:30:00,0,0
825,14/05/2016 , 05:45:00,0,0
826,14/05/2016 , 06:00:00,0,0
827,14/05/2016 , 06:15:00,16,16
828,14/05/2016 , 06:30:00,22,22
829,14/05/2016 , 06:45:00,76,76
830,14/05/2016 , 07:00:00,64,64
831,14/05/2016 , 07:15:00,105,105
832,14/05/2016 , 07:30:00,113,113
833,14/05/2016 , 07:45:00,502,502
834,14/05/2016 , 08:00:00,714,714
835,14/05/2016 , 08:15:00,743,743
836,14/05/2016 , 08:30:00,233,233
837,14/05/2016 , 08:45:00,245,245
838,14/05/2016 , 09:00:00,506,506
839,14/05/2016 , 09:15:00,397,397
840,14/05/2016 , 09:30:00,361,361
841,14/05/2016 , 09:45:00,550,550
842,14/05/2016 , 10:00:00,866,866
843,14/05/2016 , 10:15:00,1528,1528
844,14/05/2016 , 10:30:00,1327,1327
845,14/05/2016 , 10:45:00,3273,3273
846,14/05/2016 , 11:00:00,2286,2286
847,14/05/2016 , 11:15:00,2407,2407
848,14/05/2016 , 11:30:00,1441,1441
849,14/05/2016 , 11:45:00,1769,1769
850,14/05/2016 , 12:00:00,1861,1861
851,14/05/2016 , 12:15:00,1790,1790
852,14/05/2016 , 12:30:00,3413,3413
853,14/05/2016 , 12:45:00,2461,2461
854,14/05/2016 , 13:00:00,2568,2568
855,14/05/2016 , 13:15:00,2492,2492
856,14/05/2016 , 13:30:00,4524,4524
857,14/05/2016 , 13:45:00,4158,4158
858,14/05/2016 , 14:00:00,2523,2523
859,14/05/2016 , 14:15:00,2245,2245
860,14/05/2016 , 14:30:00,3166,3166
861,14/05/2016 , 14:45:00,1508,1508
862,14/05/2016 , 15:00:00,1708,1708
863,14/05/2016 , 15:15:00,2315,2315
864,14/05/2016 , 15:30:00,2613,2613
865,14/05/2016 , 15:45:00,2845,2845
866,14/05/2016 , 16:00:00,1876,1876
867,14/05/2016 , 16:15:00,1160,1160
868,14/05/2016 , 16:30:00,484,484
869,14/05/2016 , 16:45:00,458,458
870,14/05/2016 , 17:00:00,430,430
871,14/05/2016 , 17:15:00,336,336
872,14/05/2016 , 17:30:00,321,321
873,14/05/2016 , 17:45:00,317,317
874,14/05/2016 , 18:00:00,168,168
875,14/05/2016 , 18:15:00,114,114
876,14/05/2016 , 18:30:00,160,160
877,14/05/2016 , 18:45:00,91,91
878,14/05/2016 , 19:00:00,37,37
879,14/05/2016 , 19:15:00,8,8
880,14/05/2016 , 19:30:00,0,0
881,14/05/2016 , 19:45:00,0,0
882,14/05/2016 , 20:00:00,0,0
883,14/05/2016 , 20:15:00,0,0
884,14/05/2016 , 20:30:00,0,0
885,14/05/2016 , 20:45:00,0,0
886,14/05/2016 , 21:00:00,0,0
887,14/05/2016 , 21:15:00,0,0
888,14/05/2016 , 21:30:00,0,0
889,14/05/2016 , 21:45:00,0,0
890,14/05/2016 , 22:00:00,0,0
891,14/05/2016 , 22:15:00,0,0
892,14/05/2016 , 22:30:00,0,0
893,14/05/2016 , 22:45:00,0,0
894,14/05/2016 , 23:00:00,0,0
895,14/05/2016 , 23:15:00,0,0
896,14/05/2016 , 23:30:00,0,0
897,14/05/2016 , 23:45:00,0,0
898,14/05/2016 , 24:00:00,0,0
899,15/05/2016 , 00:15:00,0,0
900,15/05/2016 , 00:30:00,0,0
901,15/05/2016 , 00:45:00,0,0
902,15/05/2016 , 01:00:00,0,0
903,15/05/2016 , 01:15:00,0,0
904,15/05/2016 , 01:30:00,0,0
905,15/05/2016 , 01:45:00,0,0
906,15/05/2016 , 02:00:00,0,0
907,15/05/2016 , 02:15:00,0,0
908,15/05/2016 , 02:30:00,0,0
909,15/05/2016 , 02:45:00,0,0
910,15/05/2016 , 03:00:00,0,0
911,15/05/2016 , 03:15:00,0,0
912,15/05/2016 , 03:30:00,0,0
913,15/05/2016 , 03:45:00,0,0
914,15/05/2016 , 04:00:00,0,0
915,15/05/2016 , 04:15:00,0,0
916,15/05/2016 , 04:30:00,0,0
917,15/05/2016 , 04:45:00,0,0
918,15/05/2016 , 05:00:00,0,0
919,15/05/2016 , 05:15:00,0,0
920,15/05/2016 , 05:30:00,0,0
921,15/05/2016 , 05:45:00,0,0
922,15/05/2016 , 06:00:00,6,6
923,15/05/2016 , 06:15:00,45,45
924,15/05/2016 , 06:30:00,103,103
925,15/05/2016 , 06:45:00,158,158
926,15/05/2016 , 07:00:00,254,254
927,15/05/2016 , 07:15:00,437,437
928,15/05/2016 , 07:30:00,438,438
929,15/05/2016 , 07:45:00,612,612
930,15/05/2016 , 08:00:00,724,724
931,15/05/2016 , 08:15:00,966,966
932,15/05/2016 , 08:30:00,1637,1637
933,15/05/2016 , 08:45:00,1360,1360
934,15/05/2016 , 09:00:00,1552,1552
935,15/05/2016 , 09:15:00,1208,1208
936,15/05/2016 , 09:30:00,1774,1774
937,15/05/2016 , 09:45:00,2936,2936
938,15/05/2016 , 10:00:00,3417,3417
939,15/05/2016 , 10:15:00,4361,4361
940,15/05/2016 , 10:30:00,4315,4315
941,15/05/2016 , 10:45:00,4862,4862
942,15/05/2016 , 11:00:00,5067,5067
943,15/05/2016 , 11:15:00,5364,5364
944,15/05/2016 , 11:30:00,4671,4671
945,15/05/2016 , 11:45:00,2550,2550
946,15/05/2016 , 12:00:00,2123,2123
947,15/05/2016 , 12:15:00,2294,2294
948,15/05/2016 , 12:30:00,3822,3822
949,15/05/2016 , 12:45:00,2542,2542
950,15/05/2016 , 13:00:00,4714,4714
951,15/05/2016 , 13:15:00,5307,5307
952,15/05/2016 , 13:30:00,4802,4802
953,15/05/2016 , 13:45:00,4450,4450
954,15/05/2016 , 14:00:00,2357,2357
955,15/05/2016 , 14:15:00,1738,1738
956,15/05/2016 , 14:30:00,2070,2070
957,15/05/2016 , 14:45:00,1114,1114
958,15/05/2016 , 15:00:00,1041,1041
959,15/05/2016 , 15:15:00,922,922
960,15/05/2016 , 15:30:00,2179,2179
961,15/05/2016 , 15:45:00,812,812
962,15/05/2016 , 16:00:00,795,795
963,15/05/2016 , 16:15:00,1154,1154
964,15/05/2016 , 16:30:00,818,818
965,15/05/2016 , 16:45:00,584,584
966,15/05/2016 , 17:00:00,265,265
967,15/05/2016 , 17:15:00,358,358
968,15/05/2016 , 17:30:00,396,396
969,15/05/2016 , 17:45:00,253,253
970,15/05/2016 , 18:00:00,193,193
971,15/05/2016 , 18:15:00,273,273
972,15/05/2016 , 18:30:00,225,225
973,15/05/2016 , 18:45:00,83,83
974,15/05/2016 , 19:00:00,27,27
975,15/05/2016 , 19:15:00,3,3
976,15/05/2016 , 19:30:00,0,0
977,15/05/2016 , 19:45:00,0,0
978,15/05/2016 , 20:00:00,0,0
979,15/05/2016 , 20:15:00,0,0
980,15/05/2016 , 20:30:00,0,0
981,15/05/2016 , 20:45:00,0,0
982,15/05/2016 , 21:00:00,0,0
983,15/05/2016 , 21:15:00,0,0
984,15/05/2016 , 21:30:00,0,0
985,15/05/2016 , 21:45:00,0,0
986,15/05/2016 , 22:00:00,0,0
987,15/05/2016 , 22:15:00,0,0
988,15/05/2016 , 22:30:00,0,0
989,15/05/2016 , 22:45:00,0,0
990,15/05/2016 , 23:00:00,0,0
991,15/05/2016 , 23:15:00,0,0
992,15/05/2016 , 23:30:00,0,0
993,15/05/2016 , 23:45:00,0,0
994,15/05/2016 , 24:00:00,0,0
995,16/05/2016 , 00:15:00,0,0
996,16/05/2016 , 00:30:00,0,0
997,16/05/2016 , 00:45:00,0,0
998,16/05/2016 , 01:00:00,0,0
999,16/05/2016 , 01:15:00,0,0
1000,16/05/2016 , 01:30:00,0,0
1001,16/05/2016 , 01:45:00,0,0
1002,16/05/2016 , 02:00:00,0,0
1003,16/05/2016 , 02:15:00,0,0
1004,16/05/2016 , 02:30:00,0,0
1005,16/05/2016 , 02:45:00,0,0
1006,16/05/2016 , 03:00:00,0,0
1007,16/05/2016 , 03:15:00,0,0
1008,16/05/2016 , 03:30:00,0,0
1009,16/05/2016 , 03:45:00,0,0
1010,16/05/2016 , 04:00:00,0,0
1011,16/05/2016 , 04:15:00,0,0
1012,16/05/2016 , 04:30:00,0,0
1013,16/05/2016 , 04:45:00,0,0
1014,16/05/2016 , 05:00:00,0,0
1015,16/05/2016 , 05:15:00,0,0
1016,16/05/2016 , 05:30:00,0,0
1017,16/05/2016 , 05:45:00,0,0
1018,16/05/2016 , 06:00:00,5,5
1019,16/05/2016 , 06:15:00,48,48
1020,16/05/2016 , 06:30:00,130,130
1021,16/05/2016 , 06:45:00,185,185
1022,16/05/2016 , 07:00:00,231,231
1023,16/05/2016 , 07:15:00,424,424
1024,16/05/2016 , 07:30:00,624,624
1025,16/05/2016 , 07:45:00,479,479
1026,16/05/2016 , 08:00:00,657,657
1027,16/05/2016 , 08:15:00,1147,1147
1028,16/05/2016 , 08:30:00,1281,1281
1029,16/05/2016 , 08:45:00,1204,1204
1030,16/05/2016 , 09:00:00,2111,2111
1031,16/05/2016 , 09:15:00,2132,2132
1032,16/05/2016 , 09:30:00,2750,2750
1033,16/05/2016 , 09:45:00,3063,3063
1034,16/05/2016 , 10:00:00,3541,3541
1035,16/05/2016 , 10:15:00,3633,3633
1036,16/05/2016 , 10:30:00,4461,4461
1037,16/05/2016 , 10:45:00,4745,4745
1038,16/05/2016 , 11:00:00,5021,5021
1039,16/05/2016 , 11:15:00,4457,4457
1040,16/05/2016 , 11:30:00,4351,4351
1041,16/05/2016 , 11:45:00,2669,2669
1042,16/05/2016 , 12:00:00,2515,2515
1043,16/05/2016 , 12:15:00,2532,2532
1044,16/05/2016 , 12:30:00,5069,5069
1045,16/05/2016 , 12:45:00,5214,5214
1046,16/05/2016 , 13:00:00,4046,4046
1047,16/05/2016 , 13:15:00,4866,4866
1048,16/05/2016 , 13:30:00,3699,3699
1049,16/05/2016 , 13:45:00,2185,2185
1050,16/05/2016 , 14:00:00,1605,1605
1051,16/05/2016 , 14:15:00,1099,1099
1052,16/05/2016 , 14:30:00,1725,1725
1053,16/05/2016 , 14:45:00,1258,1258
1054,16/05/2016 , 15:00:00,1131,1131
1055,16/05/2016 , 15:15:00,1952,1952
1056,16/05/2016 , 15:30:00,2795,2795
1057,16/05/2016 , 15:45:00,1389,1389
1058,16/05/2016 , 16:00:00,1095,1095
1059,16/05/2016 , 16:15:00,1326,1326
1060,16/05/2016 , 16:30:00,837,837
1061,16/05/2016 , 16:45:00,564,564
1062,16/05/2016 , 17:00:00,463,463
1063,16/05/2016 , 17:15:00,367,367
1064,16/05/2016 , 17:30:00,353,353
1065,16/05/2016 , 17:45:00,244,244
1066,16/05/2016 , 18:00:00,211,211
1067,16/05/2016 , 18:15:00,190,190
1068,16/05/2016 , 18:30:00,116,116
1069,16/05/2016 , 18:45:00,80,80
1070,16/05/2016 , 19:00:00,37,37
1071,16/05/2016 , 19:15:00,8,8
1072,16/05/2016 , 19:30:00,0,0
1073,16/05/2016 , 19:45:00,0,0
1074,16/05/2016 , 20:00:00,0,0
1075,16/05/2016 , 20:15:00,0,0
1076,16/05/2016 , 20:30:00,0,0
1077,16/05/2016 , 20:45:00,0,0
1078,16/05/2016 , 21:00:00,0,0
1079,16/05/2016 , 21:15:00,0,0
1080,16/05/2016 , 21:30:00,0,0
1081,16/05/2016 , 21:45:00,0,0
1082,16/05/2016 , 22:00:00,0,0
1083,16/05/2016 , 22:15:00,0,0
1084,16/05/2016 , 22:30:00,0,0
1085,16/05/2016 , 22:45:00,0,0
1086,16/05/2016 , 23:00:00,0,0
1087,16/05/2016 , 23:15:00,0,0
1088,16/05/2016 , 23:30:00,0,0
1089,16/05/2016 , 23:45:00,0,0
1090,16/05/2016 , 24:00:00,0,0
1091,17/05/2016 , 00:15:00,0,0
1092,17/05/2016 , 00:30:00,0,0
1093,17/05/2016 , 00:45:00,0,0
1094,17/05/2016 , 01:00:00,0,0
1095,17/05/2016 , 01:15:00,0,0
1096,17/05/2016 , 01:30:00,0,0
1097,17/05/2016 , 01:45:00,0,0
1098,17/05/2016 , 02:00:00,0,0
1099,17/05/2016 , 02:15:00,0,0
1100,17/05/2016 , 02:30:00,0,0
1101,17/05/2016 , 02:45:00,0,0
1102,17/05/2016 , 03:00:00,0,0
1103,17/05/2016 , 03:15:00,0,0
1104,17/05/2016 , 03:30:00,0,0
1105,17/05/2016 , 03:45:00,0,0
1106,17/05/2016 , 04:00:00,0,0
1107,17/05/2016 , 04:15:00,0,0
1108,17/05/2016 , 04:30:00,0,0
1109,17/05/2016 , 04:45:00,0,0
1110,17/05/2016 , 05:00:00,0,0
1111,17/05/2016 , 05:15:00,0,0
1112,17/05/2016 , 05:30:00,0,0
1113,17/05/2016 , 05:45:00,0,0
1114,17/05/2016 , 06:00:00,5,5
1115,17/05/2016 , 06:15:00,39,39
1116,17/05/2016 , 06:30:00,104,104
1117,17/05/2016 , 06:45:00,242,242
1118,17/05/2016 , 07:00:00,277,277
1119,17/05/2016 , 07:15:00,413,413
1120,17/05/2016 , 07:30:00,449,449
1121,17/05/2016 , 07:45:00,454,454
1122,17/05/2016 , 08:00:00,795,795
1123,17/05/2016 , 08:15:00,1237,1237
1124,17/05/2016 , 08:30:00,1395,1395
1125,17/05/2016 , 08:45:00,1085,1085
1126,17/05/2016 , 09:00:00,1411,1411
1127,17/05/2016 , 09:15:00,2078,2078
1128,17/05/2016 , 09:30:00,2702,2702
1129,17/05/2016 , 09:45:00,2442,2442
1130,17/05/2016 , 10:00:00,3281,3281
1131,17/05/2016 , 10:15:00,4285,4285
1132,17/05/2016 , 10:30:00,3180,3180
1133,17/05/2016 , 10:45:00,3860,3860
1134,17/05/2016 , 11:00:00,3386,3386
1135,17/05/2016 , 11:15:00,2322,2322
1136,17/05/2016 , 11:30:00,2040,2040
1137,17/05/2016 , 11:45:00,2621,2621
1138,17/05/2016 , 12:00:00,2457,2457
1139,17/05/2016 , 12:15:00,2640,2640
1140,17/05/2016 , 12:30:00,3902,3902
1141,17/05/2016 , 12:45:00,4074,4074
1142,17/05/2016 , 13:00:00,3070,3070
1143,17/05/2016 , 13:15:00,4158,4158
1144,17/05/2016 , 13:30:00,2691,2691
1145,17/05/2016 , 13:45:00,3779,3779
1146,17/05/2016 , 14:00:00,2531,2531
1147,17/05/2016 , 14:15:00,1817,1817
1148,17/05/2016 , 14:30:00,2253,2253
1149,17/05/2016 , 14:45:00,1927,1927
1150,17/05/2016 , 15:00:00,1668,1668
1151,17/05/2016 , 15:15:00,1287,1287
1152,17/05/2016 , 15:30:00,2180,2180
1153,17/05/2016 , 15:45:00,1632,1632
1154,17/05/2016 , 16:00:00,1125,1125
1155,17/05/2016 , 16:15:00,1430,1430
1156,17/05/2016 , 16:30:00,944,944
1157,17/05/2016 , 16:45:00,680,680
1158,17/05/2016 , 17:00:00,480,480
1159,17/05/2016 , 17:15:00,399,399
1160,17/05/2016 , 17:30:00,357,357
1161,17/05/2016 , 17:45:00,226,226
1162,17/05/2016 , 18:00:00,210,210
1163,17/05/2016 , 18:15:00,186,186
1164,17/05/2016 , 18:30:00,99,99
1165,17/05/2016 , 18:45:00,61,61
1166,17/05/2016 , 19:00:00,19,19
1167,17/05/2016 , 19:15:00,5,5
1168,17/05/2016 , 19:30:00,0,0
1169,17/05/2016 , 19:45:00,0,0
1170,17/05/2016 , 20:00:00,0,0
1171,17/05/2016 , 20:15:00,0,0
1172,17/05/2016 , 20:30:00,0,0
1173,17/05/2016 , 20:45:00,0,0
1174,17/05/2016 , 21:00:00,0,0
1175,17/05/2016 , 21:15:00,0,0
1176,17/05/2016 , 21:30:00,0,0
1177,17/05/2016 , 21:45:00,0,0
1178,17/05/2016 , 22:00:00,0,0
1179,17/05/2016 , 22:15:00,0,0
1180,17/05/2016 , 22:30:00,0,0
1181,17/05/2016 , 22:45:00,0,0
1182,17/05/2016 , 23:00:00,0,0
1183,17/05/2016 , 23:15:00,0,0
1184,17/05/2016 , 23:30:00,0,0
1185,17/05/2016 , 23:45:00,0,0
1186,17/05/2016 , 24:00:00,0,0
1187,18/05/2016 , 00:15:00,0,0
1188,18/05/2016 , 00:30:00,0,0
1189,18/05/2016 , 00:45:00,0,0
1190,18/05/2016 , 01:00:00,0,0
1191,18/05/2016 , 01:15:00,0,0
1192,18/05/2016 , 01:30:00,0,0
1193,18/05/2016 , 01:45:00,0,0
1194,18/05/2016 , 02:00:00,0,0
1195,18/05/2016 , 02:15:00,0,0
1196,18/05/2016 , 02:30:00,0,0
1197,18/05/2016 , 02:45:00,0,0
1198,18/05/2016 , 03:00:00,0,0
1199,18/05/2016 , 03:15:00,0,0
1200,18/05/2016 , 03:30:00,0,0
1201,18/05/2016 , 03:45:00,0,0
1202,18/05/2016 , 04:00:00,0,0
1203,18/05/2016 , 04:15:00,0,0
1204,18/05/2016 , 04:30:00,0,0
1205,18/05/2016 , 04:45:00,0,0
1206,18/05/2016 , 05:00:00,0,0
1207,18/05/2016 , 05:15:00,0,0
1208,18/05/2016 , 05:30:00,0,0
1209,18/05/2016 , 05:45:00,0,0
1210,18/05/2016 , 06:00:00,0,0
1211,18/05/2016 , 06:15:00,32,32
1212,18/05/2016 , 06:30:00,58,58
1213,18/05/2016 , 06:45:00,64,64
1214,18/05/2016 , 07:00:00,146,146
1215,18/05/2016 , 07:15:00,271,271
1216,18/05/2016 , 07:30:00,372,372
1217,18/05/2016 , 07:45:00,325,325
1218,18/05/2016 , 08:00:00,449,449
1219,18/05/2016 , 08:15:00,554,554
1220,18/05/2016 , 08:30:00,769,769
1221,18/05/2016 , 08:45:00,754,754
1222,18/05/2016 , 09:00:00,777,777
1223,18/05/2016 , 09:15:00,835,835
1224,18/05/2016 , 09:30:00,1155,1155
1225,18/05/2016 , 09:45:00,1282,1282
1226,18/05/2016 , 10:00:00,2009,2009
1227,18/05/2016 , 10:15:00,3763,3763
1228,18/05/2016 , 10:30:00,3245,3245
1229,18/05/2016 , 10:45:00,4021,4021
1230,18/05/2016 , 11:00:00,2128,2128
1231,18/05/2016 , 11:15:00,2420,2420
1232,18/05/2016 , 11:30:00,2561,2561
1233,18/05/2016 , 11:45:00,2749,2749
1234,18/05/2016 , 12:00:00,2579,2579
1235,18/05/2016 , 12:15:00,2299,2299
1236,18/05/2016 , 12:30:00,4195,4195
1237,18/05/2016 , 12:45:00,3462,3462
1238,18/05/2016 , 13:00:00,3374,3374
1239,18/05/2016 , 13:15:00,5320,5320
1240,18/05/2016 , 13:30:00,4801,4801
1241,18/05/2016 , 13:45:00,3460,3460
1242,18/05/2016 , 14:00:00,2293,2293
1243,18/05/2016 , 14:15:00,1841,1841
1244,18/05/2016 , 14:30:00,1753,1753
1245,18/05/2016 , 14:45:00,1477,1477
1246,18/05/2016 , 15:00:00,1471,1471
1247,18/05/2016 , 15:15:00,1529,1529
1248,18/05/2016 , 15:30:00,1908,1908
1249,18/05/2016 , 15:45:00,1580,1580
1250,18/05/2016 , 16:00:00,1520,1520
1251,18/05/2016 , 16:15:00,1684,1684
1252,18/05/2016 , 16:30:00,784,784
1253,18/05/2016 , 16:45:00,761,761
1254,18/05/2016 , 17:00:00,514,514
1255,18/05/2016 , 17:15:00,420,420
1256,18/05/2016 , 17:30:00,430,430
1257,18/05/2016 , 17:45:00,359,359
1258,18/05/2016 , 18:00:00,212,212
1259,18/05/2016 , 18:15:00,149,149
1260,18/05/2016 , 18:30:00,95,95
1261,18/05/2016 , 18:45:00,66,66
1262,18/05/2016 , 19:00:00,35,35
1263,18/05/2016 , 19:15:00,8,8
1264,18/05/2016 , 19:30:00,0,0
1265,18/05/2016 , 19:45:00,0,0
1266,18/05/2016 , 20:00:00,0,0
1267,18/05/2016 , 20:15:00,0,0
1268,18/05/2016 , 20:30:00,0,0
1269,18/05/2016 , 20:45:00,0,0
1270,18/05/2016 , 21:00:00,0,0
1271,18/05/2016 , 21:15:00,0,0
1272,18/05/2016 , 21:30:00,0,0
1273,18/05/2016 , 21:45:00,0,0
1274,18/05/2016 , 22:00:00,0,0
1275,18/05/2016 , 22:15:00,0,0
1276,18/05/2016 , 22:30:00,0,0
1277,18/05/2016 , 22:45:00,0,0
1278,18/05/2016 , 23:00:00,0,0
1279,18/05/2016 , 23:15:00,0,0
1280,18/05/2016 , 23:30:00,0,0
1281,18/05/2016 , 23:45:00,0,0
1282,18/05/2016 , 24:00:00,0,0
1283,19/05/2016 , 00:15:00,0,0
1284,19/05/2016 , 00:30:00,0,0
1285,19/05/2016 , 00:45:00,0,0
1286,19/05/2016 , 01:00:00,0,0
1287,19/05/2016 , 01:15:00,0,0
1288,19/05/2016 , 01:30:00,0,0
1289,19/05/2016 , 01:45:00,0,0
1290,19/05/2016 , 02:00:00,0,0
1291,19/05/2016 , 02:15:00,0,0
1292,19/05/2016 , 02:30:00,0,0
1293,19/05/2016 , 02:45:00,0,0
1294,19/05/2016 , 03:00:00,0,0
1295,19/05/2016 , 03:15:00,0,0
1296,19/05/2016 , 03:30:00,0,0
1297,19/05/2016 , 03:45:00,0,0
1298,19/05/2016 , 04:00:00,0,0
1299,19/05/2016 , 04:15:00,0,0
1300,19/05/2016 , 04:30:00,0,0
1301,19/05/2016 , 04:45:00,0,0
1302,19/05/2016 , 05:00:00,0,0
1303,19/05/2016 , 05:15:00,0,0
1304,19/05/2016 , 05:30:00,0,0
1305,19/05/2016 , 05:45:00,0,0
1306,19/05/2016 , 06:00:00,7,7
1307,19/05/2016 , 06:15:00,47,47
1308,19/05/2016 , 06:30:00,91,91
1309,19/05/2016 , 06:45:00,126,126
1310,19/05/2016 , 07:00:00,164,164
1311,19/05/2016 , 07:15:00,353,353
1312,19/05/2016 , 07:30:00,446,446
1313,19/05/2016 , 07:45:00,678,678
1314,19/05/2016 , 08:00:00,780,780
1315,19/05/2016 , 08:15:00,989,989
1316,19/05/2016 , 08:30:00,1188,1188
1317,19/05/2016 , 08:45:00,2065,2065
1318,19/05/2016 , 09:00:00,1859,1859
1319,19/05/2016 , 09:15:00,1425,1425
1320,19/05/2016 , 09:30:00,2207,2207
1321,19/05/2016 , 09:45:00,1588,1588
1322,19/05/2016 , 10:00:00,2981,2981
1323,19/05/2016 , 10:15:00,2650,2650
1324,19/05/2016 , 10:30:00,3305,3305
1325,19/05/2016 , 10:45:00,2326,2326
1326,19/05/2016 , 11:00:00,3505,3505
1327,19/05/2016 , 11:15:00,2789,2789
1328,19/05/2016 , 11:30:00,2467,2467
1329,19/05/2016 , 11:45:00,1842,1842
1330,19/05/2016 , 12:00:00,1677,1677
1331,19/05/2016 , 12:15:00,2884,2884
1332,19/05/2016 , 12:30:00,3927,3927
1333,19/05/2016 , 12:45:00,2242,2242
1334,19/05/2016 , 13:00:00,3605,3605
1335,19/05/2016 , 13:15:00,2608,2608
1336,19/05/2016 , 13:30:00,2522,2522
1337,19/05/2016 , 13:45:00,2679,2679
1338,19/05/2016 , 14:00:00,2150,2150
1339,19/05/2016 , 14:15:00,1951,1951
1340,19/05/2016 , 14:30:00,2342,2342
1341,19/05/2016 , 14:45:00,1603,1603
1342,19/05/2016 , 15:00:00,1306,1306
1343,19/05/2016 , 15:15:00,1137,1137
1344,19/05/2016 , 15:30:00,1025,1025
1345,19/05/2016 , 15:45:00,1223,1223
1346,19/05/2016 , 16:00:00,942,942
1347,19/05/2016 , 16:15:00,881,881
1348,19/05/2016 , 16:30:00,778,778
1349,19/05/2016 , 16:45:00,525,525
1350,19/05/2016 , 17:00:00,533,533
1351,19/05/2016 , 17:15:00,443,443
1352,19/05/2016 , 17:30:00,362,362
1353,19/05/2016 , 17:45:00,280,280
1354,19/05/2016 , 18:00:00,214,214
1355,19/05/2016 , 18:15:00,159,159
1356,19/05/2016 , 18:30:00,125,125
1357,19/05/2016 , 18:45:00,60,60
1358,19/05/2016 , 19:00:00,32,32
1359,19/05/2016 , 19:15:00,6,6
1360,19/05/2016 , 19:30:00,0,0
1361,19/05/2016 , 19:45:00,0,0
1362,19/05/2016 , 20:00:00,0,0
1363,19/05/2016 , 20:15:00,0,0
1364,19/05/2016 , 20:30:00,0,0
1365,19/05/2016 , 20:45:00,0,0
1366,19/05/2016 , 21:00:00,0,0
1367,19/05/2016 , 21:15:00,0,0
1368,19/05/2016 , 21:30:00,0,0
1369,19/05/2016 , 21:45:00,0,0
1370,19/05/2016 , 22:00:00,0,0
1371,19/05/2016 , 22:15:00,0,0
1372,19/05/2016 , 22:30:00,0,0
1373,19/05/2016 , 22:45:00,0,0
1374,19/05/2016 , 23:00:00,0,0
1375,19/05/2016 , 23:15:00,0,0
1376,19/05/2016 , 23:30:00,0,0
1377,19/05/2016 , 23:45:00,0,0
1378,19/05/2016 , 24:00:00,0,0
1379,20/05/2016 , 00:15:00,0,0
1380,20/05/2016 , 00:30:00,0,0
1381,20/05/2016 , 00:45:00,0,0
1382,20/05/2016 , 01:00:00,0,0
1383,20/05/2016 , 01:15:00,0,0
1384,20/05/2016 , 01:30:00,0,0
1385,20/05/2016 , 01:45:00,0,0
1386,20/05/2016 , 02:00:00,0,0
1387,20/05/2016 , 02:15:00,0,0
1388,20/05/2016 , 02:30:00,0,0
1389,20/05/2016 , 02:45:00,0,0
1390,20/05/2016 , 03:00:00,0,0
1391,20/05/2016 , 03:15:00,0,0
1392,20/05/2016 , 03:30:00,0,0
1393,20/05/2016 , 03:45:00,0,0
1394,20/05/2016 , 04:00:00,0,0
1395,20/05/2016 , 04:15:00,0,0
1396,20/05/2016 , 04:30:00,0,0
1397,20/05/2016 , 04:45:00,0,0
1398,20/05/2016 , 05:00:00,0,0
1399,20/05/2016 , 05:15:00,0,0
1400,20/05/2016 , 05:30:00,0,0
1401,20/05/2016 , 05:45:00,0,0
1402,20/05/2016 , 06:00:00,8,8
1403,20/05/2016 , 06:15:00,48,48
1404,20/05/2016 , 06:30:00,132,132
1405,20/05/2016 , 06:45:00,219,219
1406,20/05/2016 , 07:00:00,325,325
1407,20/05/2016 , 07:15:00,364,364
1408,20/05/2016 , 07:30:00,387,387
1409,20/05/2016 , 07:45:00,550,550
1410,20/05/2016 , 08:00:00,748,748
1411,20/05/2016 , 08:15:00,818,818
1412,20/05/2016 , 08:30:00,1004,1004
1413,20/05/2016 , 08:45:00,882,882
1414,20/05/2016 , 09:00:00,1703,1703
1415,20/05/2016 , 09:15:00,1514,1514
1416,20/05/2016 , 09:30:00,3056,3056
1417,20/05/2016 , 09:45:00,2629,2629
1418,20/05/2016 , 10:00:00,2664,2664
1419,20/05/2016 , 10:15:00,3132,3132
1420,20/05/2016 , 10:30:00,3316,3316
1421,20/05/2016 , 10:45:00,2188,2188
1422,20/05/2016 , 11:00:00,2474,2474
1423,20/05/2016 , 11:15:00,3396,3396
1424,20/05/2016 , 11:30:00,4368,4368
1425,20/05/2016 , 11:45:00,2279,2279
1426,20/05/2016 , 12:00:00,2676,2676
1427,20/05/2016 , 12:15:00,3500,3500
1428,20/05/2016 , 12:30:00,3904,3904
1429,20/05/2016 , 12:45:00,4904,4904
1430,20/05/2016 , 13:00:00,4507,4507
1431,20/05/2016 , 13:15:00,3387,3387
1432,20/05/2016 , 13:30:00,1690,1690
1433,20/05/2016 , 13:45:00,1544,1544
1434,20/05/2016 , 14:00:00,1172,1172
1435,20/05/2016 , 14:15:00,1211,1211
1436,20/05/2016 , 14:30:00,993,993
1437,20/05/2016 , 14:45:00,859,859
1438,20/05/2016 , 15:00:00,1010,1010
1439,20/05/2016 , 15:15:00,1230,1230
1440,20/05/2016 , 15:30:00,1777,1777
1441,20/05/2016 , 15:45:00,2494,2494
1442,20/05/2016 , 16:00:00,1903,1903
1443,20/05/2016 , 16:15:00,1392,1392
1444,20/05/2016 , 16:30:00,653,653
1445,20/05/2016 , 16:45:00,824,824
1446,20/05/2016 , 17:00:00,666,666
1447,20/05/2016 , 17:15:00,427,427
1448,20/05/2016 , 17:30:00,318,318
1449,20/05/2016 , 17:45:00,329,329
1450,20/05/2016 , 18:00:00,315,315
1451,20/05/2016 , 18:15:00,196,196
1452,20/05/2016 , 18:30:00,157,157
1453,20/05/2016 , 18:45:00,131,131
1454,20/05/2016 , 19:00:00,39,39
1455,20/05/2016 , 19:15:00,10,10
1456,20/05/2016 , 19:30:00,0,0
1457,20/05/2016 , 19:45:00,0,0
1458,20/05/2016 , 20:00:00,0,0
1459,20/05/2016 , 20:15:00,0,0
1460,20/05/2016 , 20:30:00,0,0
1461,20/05/2016 , 20:45:00,0,0
1462,20/05/2016 , 21:00:00,0,0
1463,20/05/2016 , 21:15:00,0,0
1464,20/05/2016 , 21:30:00,0,0
1465,20/05/2016 , 21:45:00,0,0
1466,20/05/2016 , 22:00:00,0,0
1467,20/05/2016 , 22:15:00,0,0
1468,20/05/2016 , 22:30:00,0,0
1469,20/05/2016 , 22:45:00,0,0
1470,20/05/2016 , 23:00:00,0,0
1471,20/05/2016 , 23:15:00,0,0
1472,20/05/2016 , 23:30:00,0,0
1473,20/05/2016 , 23:45:00,0,0
1474,20/05/2016 , 24:00:00,0,0
1475,21/05/2016 , 00:15:00,0,0
1476,21/05/2016 , 00:30:00,0,0
1477,21/05/2016 , 00:45:00,0,0
1478,21/05/2016 , 01:00:00,0,0
1479,21/05/2016 , 01:15:00,0,0
1480,21/05/2016 , 01:30:00,0,0
1481,21/05/2016 , 01:45:00,0,0
1482,21/05/2016 , 02:00:00,0,0
1483,21/05/2016 , 02:15:00,0,0
1484,21/05/2016 , 02:30:00,0,0
1485,21/05/2016 , 02:45:00,0,0
1486,21/05/2016 , 03:00:00,0,0
1487,21/05/2016 , 03:15:00,0,0
1488,21/05/2016 , 03:30:00,0,0
1489,21/05/2016 , 03:45:00,0,0
1490,21/05/2016 , 04:00:00,0,0
1491,21/05/2016 , 04:15:00,0,0
1492,21/05/2016 , 04:30:00,0,0
1493,21/05/2016 , 04:45:00,0,0
1494,21/05/2016 , 05:00:00,0,0
1495,21/05/2016 , 05:15:00,0,0
1496,21/05/2016 , 05:30:00,0,0
1497,21/05/2016 , 05:45:00,0,0
1498,21/05/2016 , 06:00:00,3,3
1499,21/05/2016 , 06:15:00,29,29
1500,21/05/2016 , 06:30:00,111,111
1501,21/05/2016 , 06:45:00,202,202
1502,21/05/2016 , 07:00:00,326,326
1503,21/05/2016 , 07:15:00,302,302
1504,21/05/2016 , 07:30:00,503,503
1505,21/05/2016 , 07:45:00,509,509
1506,21/05/2016 , 08:00:00,620,620
1507,21/05/2016 , 08:15:00,1192,1192
1508,21/05/2016 , 08:30:00,660,660
1509,21/05/2016 , 08:45:00,1152,1152
1510,21/05/2016 , 09:00:00,1155,1155
1511,21/05/2016 , 09:15:00,2025,2025
1512,21/05/2016 , 09:30:00,2940,2940
1513,21/05/2016 , 09:45:00,2962,2962
1514,21/05/2016 , 10:00:00,3148,3148
1515,21/05/2016 , 10:15:00,2588,2588
1516,21/05/2016 , 10:30:00,3479,3479
1517,21/05/2016 , 10:45:00,2221,2221
1518,21/05/2016 , 11:00:00,3334,3334
1519,21/05/2016 , 11:15:00,2098,2098
1520,21/05/2016 , 11:30:00,2222,2222
1521,21/05/2016 , 11:45:00,1875,1875
1522,21/05/2016 , 12:00:00,2289,2289
1523,21/05/2016 , 12:15:00,3433,3433
1524,21/05/2016 , 12:30:00,5105,5105
1525,21/05/2016 , 12:45:00,4935,4935
1526,21/05/2016 , 13:00:00,4225,4225
1527,21/05/2016 , 13:15:00,2700,2700
1528,21/05/2016 , 13:30:00,2178,2178
1529,21/05/2016 , 13:45:00,2468,2468
1530,21/05/2016 , 14:00:00,2199,2199
1531,21/05/2016 , 14:15:00,2058,2058
1532,21/05/2016 , 14:30:00,2516,2516
1533,21/05/2016 , 14:45:00,1463,1463
1534,21/05/2016 , 15:00:00,1127,1127
1535,21/05/2016 , 15:15:00,2116,2116
1536,21/05/2016 , 15:30:00,1560,1560
1537,21/05/2016 , 15:45:00,1623,1623
1538,21/05/2016 , 16:00:00,1157,1157
1539,21/05/2016 , 16:15:00,558,558
1540,21/05/2016 , 16:30:00,586,586
1541,21/05/2016 , 16:45:00,436,436
1542,21/05/2016 , 17:00:00,353,353
1543,21/05/2016 , 17:15:00,277,277
1544,21/05/2016 , 17:30:00,365,365
1545,21/05/2016 , 17:45:00,275,275
1546,21/05/2016 , 18:00:00,199,199
1547,21/05/2016 , 18:15:00,199,199
1548,21/05/2016 , 18:30:00,113,113
1549,21/05/2016 , 18:45:00,66,66
1550,21/05/2016 , 19:00:00,37,37
1551,21/05/2016 , 19:15:00,10,10
1552,21/05/2016 , 19:30:00,0,0
1553,21/05/2016 , 19:45:00,0,0
1554,21/05/2016 , 20:00:00,0,0
1555,21/05/2016 , 20:15:00,0,0
1556,21/05/2016 , 20:30:00,0,0
1557,21/05/2016 , 20:45:00,0,0
1558,21/05/2016 , 21:00:00,0,0
1559,21/05/2016 , 21:15:00,0,0
1560,21/05/2016 , 21:30:00,0,0
1561,21/05/2016 , 21:45:00,0,0
1562,21/05/2016 , 22:00:00,0,0
1563,21/05/2016 , 22:15:00,0,0
1564,21/05/2016 , 22:30:00,0,0
1565,21/05/2016 , 22:45:00,0,0
1566,21/05/2016 , 23:00:00,0,0
1567,21/05/2016 , 23:15:00,0,0
1568,21/05/2016 , 23:30:00,0,0
1569,21/05/2016 , 23:45:00,0,0
1570,21/05/2016 , 24:00:00,0,0
1571,22/05/2016 , 00:15:00,0,0
1572,22/05/2016 , 00:30:00,0,0
1573,22/05/2016 , 00:45:00,0,0
1574,22/05/2016 , 01:00:00,0,0
1575,22/05/2016 , 01:15:00,0,0
1576,22/05/2016 , 01:30:00,0,0
1577,22/05/2016 , 01:45:00,0,0
1578,22/05/2016 , 02:00:00,0,0
1579,22/05/2016 , 02:15:00,0,0
1580,22/05/2016 , 02:30:00,0,0
1581,22/05/2016 , 02:45:00,0,0
1582,22/05/2016 , 03:00:00,0,0
1583,22/05/2016 , 03:15:00,0,0
1584,22/05/2016 , 03:30:00,0,0
1585,22/05/2016 , 03:45:00,0,0
1586,22/05/2016 , 04:00:00,0,0
1587,22/05/2016 , 04:15:00,0,0
1588,22/05/2016 , 04:30:00,0,0
1589,22/05/2016 , 04:45:00,0,0
1590,22/05/2016 , 05:00:00,0,0
1591,22/05/2016 , 05:15:00,0,0
1592,22/05/2016 , 05:30:00,0,0
1593,22/05/2016 , 05:45:00,0,0
1594,22/05/2016 , 06:00:00,8,8
1595,22/05/2016 , 06:15:00,45,45
1596,22/05/2016 , 06:30:00,92,92
1597,22/05/2016 , 06:45:00,200,200
1598,22/05/2016 , 07:00:00,164,164
1599,22/05/2016 , 07:15:00,182,182
1600,22/05/2016 , 07:30:00,268,268
1601,22/05/2016 , 07:45:00,499,499
1602,22/05/2016 , 08:00:00,492,492
1603,22/05/2016 , 08:15:00,1193,1193
1604,22/05/2016 , 08:30:00,1012,1012
1605,22/05/2016 , 08:45:00,1794,1794
1606,22/05/2016 , 09:00:00,1171,1171
1607,22/05/2016 , 09:15:00,1973,1973
1608,22/05/2016 , 09:30:00,2336,2336
1609,22/05/2016 , 09:45:00,2835,2835
1610,22/05/2016 , 10:00:00,2577,2577
1611,22/05/2016 , 10:15:00,4039,4039
1612,22/05/2016 , 10:30:00,4327,4327
1613,22/05/2016 , 10:45:00,3497,3497
1614,22/05/2016 , 11:00:00,3052,3052
1615,22/05/2016 , 11:15:00,3617,3617
1616,22/05/2016 , 11:30:00,3855,3855
1617,22/05/2016 , 11:45:00,2490,2490
1618,22/05/2016 , 12:00:00,1801,1801
1619,22/05/2016 , 12:15:00,1671,1671
1620,22/05/2016 , 12:30:00,3977,3977
1621,22/05/2016 , 12:45:00,4591,4591
1622,22/05/2016 , 13:00:00,5069,5069
1623,22/05/2016 , 13:15:00,4792,4792
1624,22/05/2016 , 13:30:00,3012,3012
1625,22/05/2016 , 13:45:00,3045,3045
1626,22/05/2016 , 14:00:00,2365,2365
1627,22/05/2016 , 14:15:00,1976,1976
1628,22/05/2016 , 14:30:00,2497,2497
1629,22/05/2016 , 14:45:00,1058,1058
1630,22/05/2016 , 15:00:00,1395,1395
1631,22/05/2016 , 15:15:00,1767,1767
1632,22/05/2016 , 15:30:00,1505,1505
1633,22/05/2016 , 15:45:00,1319,1319
1634,22/05/2016 , 16:00:00,1153,1153
1635,22/05/2016 , 16:15:00,842,842
1636,22/05/2016 , 16:30:00,784,784
1637,22/05/2016 , 16:45:00,553,553
1638,22/05/2016 , 17:00:00,454,454
1639,22/05/2016 , 17:15:00,406,406
1640,22/05/2016 , 17:30:00,308,308
1641,22/05/2016 , 17:45:00,310,310
1642,22/05/2016 , 18:00:00,212,212
1643,22/05/2016 , 18:15:00,158,158
1644,22/05/2016 , 18:30:00,111,111
1645,22/05/2016 , 18:45:00,68,68
1646,22/05/2016 , 19:00:00,35,35
1647,22/05/2016 , 19:15:00,9,9
1648,22/05/2016 , 19:30:00,0,0
1649,22/05/2016 , 19:45:00,0,0
1650,22/05/2016 , 20:00:00,0,0
1651,22/05/2016 , 20:15:00,0,0
1652,22/05/2016 , 20:30:00,0,0
1653,22/05/2016 , 20:45:00,0,0
1654,22/05/2016 , 21:00:00,0,0
1655,22/05/2016 , 21:15:00,0,0
1656,22/05/2016 , 21:30:00,0,0
1657,22/05/2016 , 21:45:00,0,0
1658,22/05/2016 , 22:00:00,0,0
1659,22/05/2016 , 22:15:00,0,0
1660,22/05/2016 , 22:30:00,0,0
1661,22/05/2016 , 22:45:00,0,0
1662,22/05/2016 , 23:00:00,0,0
1663,22/05/2016 , 23:15:00,0,0
1664,22/05/2016 , 23:30:00,0,0
1665,22/05/2016 , 23:45:00,0,0
1666,22/05/2016 , 24:00:00,0,0
1667,23/05/2016 , 00:15:00,0,0
1668,23/05/2016 , 00:30:00,0,0
1669,23/05/2016 , 00:45:00,0,0
1670,23/05/2016 , 01:00:00,0,0
1671,23/05/2016 , 01:15:00,0,0
1672,23/05/2016 , 01:30:00,0,0
1673,23/05/2016 , 01:45:00,0,0
1674,23/05/2016 , 02:00:00,0,0
1675,23/05/2016 , 02:15:00,0,0
1676,23/05/2016 , 02:30:00,0,0
1677,23/05/2016 , 02:45:00,0,0
1678,23/05/2016 , 03:00:00,0,0
1679,23/05/2016 , 03:15:00,0,0
1680,23/05/2016 , 03:30:00,0,0
1681,23/05/2016 , 03:45:00,0,0
1682,23/05/2016 , 04:00:00,0,0
1683,23/05/2016 , 04:15:00,0,0
1684,23/05/2016 , 04:30:00,0,0
1685,23/05/2016 , 04:45:00,0,0
1686,23/05/2016 , 05:00:00,0,0
1687,23/05/2016 , 05:15:00,0,0
1688,23/05/2016 , 05:30:00,0,0
1689,23/05/2016 , 05:45:00,0,0
1690,23/05/2016 , 06:00:00,8,8
1691,23/05/2016 , 06:15:00,42,42
1692,23/05/2016 , 06:30:00,110,110
1693,23/05/2016 , 06:45:00,116,116
1694,23/05/2016 , 07:00:00,281,281
1695,23/05/2016 , 07:15:00,333,333
1696,23/05/2016 , 07:30:00,338,338
1697,23/05/2016 , 07:45:00,567,567
1698,23/05/2016 , 08:00:00,590,590
1699,23/05/2016 , 08:15:00,854,854
1700,23/05/2016 , 08:30:00,1619,1619
1701,23/05/2016 , 08:45:00,1931,1931
1702,23/05/2016 , 09:00:00,1945,1945
1703,23/05/2016 , 09:15:00,2458,2458
1704,23/05/2016 , 09:30:00,2778,2778
1705,23/05/2016 , 09:45:00,2772,2772
1706,23/05/2016 , 10:00:00,2720,2720
1707,23/05/2016 , 10:15:00,3053,3053
1708,23/05/2016 , 10:30:00,1915,1915
1709,23/05/2016 , 10:45:00,1476,1476
1710,23/05/2016 , 11:00:00,1661,1661
1711,23/05/2016 , 11:15:00,1847,1847
1712,23/05/2016 , 11:30:00,1481,1481
1713,23/05/2016 , 11:45:00,871,871
1714,23/05/2016 , 12:00:00,1270,1270
1715,23/05/2016 , 12:15:00,962,962
1716,23/05/2016 , 12:30:00,1697,1697
1717,23/05/2016 , 12:45:00,1856,1856
1718,23/05/2016 , 13:00:00,1449,1449
1719,23/05/2016 , 13:15:00,2563,2563
1720,23/05/2016 , 13:30:00,2619,2619
1721,23/05/2016 , 13:45:00,851,851
1722,23/05/2016 , 14:00:00,1734,1734
1723,23/05/2016 , 14:15:00,1625,1625
1724,23/05/2016 , 14:30:00,1998,1998
1725,23/05/2016 , 14:45:00,1507,1507
1726,23/05/2016 , 15:00:00,245,245
1727,23/05/2016 , 15:15:00,83,83
